Model,Tuning Parameters,F1,AUC,Selected threshold,Accuracy,TPR,FPR,Precision
Logistic,NA,0.997,0.9994,0.65,0.994,0.994,0.015,0.9998898
LDA,NA,0.991,0.9921,0.55,0.982,0.983,0.168,0.99876
QDA,NA,0.998,0.9915,0.8,0.996,0.999,0.363,0.99736
KNN,k=251,0.998,0.9609,0.75,0.996,0.999,0.418,0.99696
Penalized Logistic,"alpha = 1, lambda = 1e-04",0.999,0.9996,0.7,0.997,0.997,0.023,0.99983
Random Forest,mtry = 1,0.997,0.9823,0.5,0.995,0.996,0.225,0.99836
SVM (radial kernel),"sigma = 9, C = 1.5",0.995,0.979,0.8,0.991,0.996,0.686,0.99501
